47,451,35
47,302,36
47,294,37
47,294,38
47,298,39
47,320,40
47,306,41
47,312,42
47,316,43
47,320,44
47,328,45
47,357,46
47,470,47
47,344,48
47,338,49
47,347,50
47,362,51
47,349,52
47,354,53
47,353,54
47,361,55
47,362,56
47,379,57
47,409,58
47,441,59
47,444,60
47,450,61
47,478,62
47,604,63
47,435,64
47,444,65
47,442,66
47,441,67
47,449,68
47,450,69
47,441,70
47,446,71
47,446,72
47,434,73
47,438,74
47,433,75
47,440,76
47,436,77
47,436,78
47,586,79
47,508,80
47,356,81
47,358,82
47,360,83
47,356,84
47,351,85
